{"cameraMode":{"drawMode":0,"name":"Shaded","section":"Shading Mode"},"sceneLighting":true,"audioPlay":false,"sceneViewState":{"m_AlwaysRefresh":false,"showFog":true,"showSkybox":true,"showFlares":true,"showImageEffects":true,"showParticleSystems":true,"showVisualEffectGraphs":true,"m_FxEnabled":true},"in2DMode":false,"pivot":{"x":-2.262873649597168,"y":8.447855949401856,"z":8.775505065917969},"rotation":{"x":0.007765770889818668,"y":0.6729926466941834,"z":0.007066737394779921,"w":-0.7395764589309692},"size":22.208080291748048,"orthographic":false}